codtno,codcar,descar,codgra,GERENCIAL,SUPERVISORIO,ADMINISTRATIVO PROFESIONAL,ADMINISTRATIVO NO PROFESIONAL,OBREROS
1,55555,INDEFINIDO,0,,,,,
2,8220,ESPECIALISTA DE INFORMACION III,21,,,,x,
2,8600,GESTOR DE DESECHOS,19,,,x,,
2,12111,ADMINISTRADOR I,13,,,x,,
2,12112,ADMINISTRADOR II,15,,,x,,
2,12113,ADMINISTRADOR III,17,,,x,,
2,12114,ADMINISTRADOR IV,19,,,x,,
2,12115,ADMINISTRADOR V,21,,,x,,
2,12121,ADMINISTRADOR JEFE I,22,,x,,,
2,12122,ADMINISTRADOR JEFE II,24,x,,,,
2,12151,ASISTENTE ADMINISTRATIVO I,11,,,x,,
2,12152,ASISTENTE ADMINISTRATIVO II,13,,,x,,
2,12153,ASISTENTE ADMINISTRATIVO III,15,,,x,,
2,12154,ASISTENTE ADMINISTRATIVO IV,17,,,x,,
2,12155,ASISTENTE ADMINISTRATIVO V,19,,,x,,
2,12157,ASIST. EN LOGISTICA DE ORG. EST. II,13,,,,x,
2,12158,ASIST. EN LOGISTICA DE ORG. EST. III,15,,,,x,
2,12159,ASISTENTE ADMTVO. BILINGUE,18,,,x,,
2,12209,JEFE TECNICO ADMINISTRATIVO I,20,,,x,,
2,12210,JEFE TECNICO ADMINISTRATIVO II,21,,,x,,
2,12211,JEFE TECNICO ADMINISTRATIVO III,22,,,x,,
2,12212,JEFE TECNICO ADMINISTRATIVO IV,23,,,x,,
2,12250,ASIST. DE ADMINISTRACION DE RECURSOS,16,,,,x,
2,12600,ANALISTA DE HIGIENE Y SEGURIDAD I,15,,,x,,
2,12601,ANALISTA DE HIGIENE Y SEGURIDAD II,17,,,x,,
2,12602,ANALISTA DE HIGIENE Y SEGURIDAD III,19,,,x,,
2,12603,ANALISTA DE HIGIENE Y SEGURIDAD IV,21,,,x,,
2,12610,SUPERVISOR DE HIGIENE Y SEGURIDAD,23,,x,,,
2,13211,ASISTENTE DE ANALISTA I,12,,,,x,
2,13212,ASISTENTE DE ANALISTA II,14,,,,x,
2,13213,ASISTENTE DE ORG. Y SIST. I,15,,,x,x,
2,13221,ANALISTA DE ORGANIZACION Y SISTEMAS I,15,,,x,,
2,13222,ANALISTA DE ORGANIZACION Y SISTEMAS II,17,,,x,,
2,13223,ANALISTA DE ORGANIZACION Y SISTEMAS III,19,,,x,,
2,13224,ANALISTA DE ORGANIZACION Y SISTEMAS IV,21,,,x,,
2,13230,ANALISTA DE ORGANIZACION Y SISTEMAS JEFE,23,,x,,,
2,13244,ANALISTA CENTRAL ORGANIZAC. Y SISTEMA IV,24,,x,,,
2,13351,ASISTENTE DE PLANIFICACION I,12,,,,x,
2,13352,ASISTENTE DE PLANIFICACION II,14,,,,x,
2,13353,ASISTENTE DE PLANIFICACION III,15,,,,x,
2,13354,ASISTENTE DE PLANIFICACION DE CURSOS,16,,,x,,
2,13357,SUPERV. PLANIFIC.DE HORARIOS I,16,,,x,,
2,13358,SUPERV.DE PLANIF.DE HORARIOS II,18,,,x,,
2,13361,PLANIFICADOR I,17,,,x,,
2,13362,PLANIFICADOR II,19,,,x,,
2,13363,PLANIFICADOR III,21,,,x,,
2,13364,PLANIFICADOR IV,22,,,x,,
2,13365,PLANIFICADOR V,23,,x,,,
2,13370,PLANIFICADOR JEFE,24,x,,,,
2,13372,PLANIFICADOR JEFE II,25,x,,,,
2,13373,PLANIFICADOR JEFE III,25,x,,,,
2,13390,PLANIFICADOR CENTRAL JEFE,25,x,,,,
2,13411,ANALISTA DE PRESUPUESTO I,15,,,x,,
2,13412,ANALISTA DE PRESUPUESTO II,17,,,x,,
2,13413,ANALISTA DE PRESUPUESTO III,19,,,x,,
2,13414,ANALISTA DE PRESUPUESTO IV,21,,,x,,
2,13420,ANALISTA DE PRESUPUESTO JEFE,23,,,x,,
2,13431,ANALISTA CENTRAL PRESUPUESTO I,18,,,x,,
2,13432,ANALISTA CENTRAL DE PRESUPUESTO II,20,,,x,,
2,13433,ANALISTA CENTRAL PRESUPUESTO III,22,,,x,,
2,13434,ANALISTA CENTRAL PRESUPUESTO IV,23,,,x,,
2,13440,ANALISTA CENTRAL PRESUPUESTO JEFE,25,x,,,,
2,14111,ASISTENTE DE ANALISTA FINANCIERO I,13,,,,x,
2,14112,ASISTENTE ANALISTA FINANCIERO II,15,,,,x,
2,14121,ANALISTA FINANCIERO I,17,,,x,,
2,14122,ANALISTA FINANCIERO II,19,,,x,,
2,14123,ANALISTA FINANCIERO III,21,,,x,,
2,14124,ANALISTA FINANCIERO IV,22,,,x,,
2,14125,ANALISTA FINANCIERO V,23,,x,,,
2,14130,ANALISTA FINANCIERO JEFE,24,x,,,,
2,14131,ANALISTA FINANCIERO JEFE II,25,x,,,,
2,15415,ASISTENTE DE NOMINA III,16,,,,x,
2,15511,ASISTENTE DE PERSONAL I,10,,,,x,
2,15512,ASISTENTE DE PERSONAL II,12,,,,x,
2,15513,ASISTENTE DE PERSONAL III,14,,,,x,
2,15514,ASISTENTE DE PERSONAL IV,15,,,,x,
2,15515,ASISTENTE DE NOMINA I,11,,,,x,
2,15518,ASISTENTE DE PERSONAL EN SEGUROS I,11,,,,x,
2,15519,ASISTENTE DE PERSONAL EN SEGUROS II,13,,,,x,
2,15520,ASISTENTE DE SEGURO I,15,,,x,,
2,15521,ASISTENTE DE PERSONAL EN SEGURO III,15,,,x,,
2,15524,JEFE DE PERSONAL IV,21,,x,,,
2,15525,JEFE DE PERSONAL V,23,x,,,,
2,15526,JEFE DE PERSONAL VI,24,x,,,,
2,15527,JEFE DE PERSONAL VII,25,x,,,,
2,15611,ANALISTA DE PERSONAL I,15,,,x,,
2,15612,ANALISTA DE PERSONAL II,17,,,x,,
2,15613,ANALISTA DE PERSONAL III,19,,,x,,
2,15614,ANALISTA DE PERSONAL IV,21,,,x,,
2,15616,ANALISTA DE RECUR.HUMANOS EN NOMINA I,15,,,x,,
2,15617,ANALISTA DE RECUR. HUMANOS EN NOMINA II,17,,,x,,
2,15618,ANALISTA DE RECURS.HUMANOS EN NOMINA III,19,,,x,,
2,15619,ANALISTA DE RECUR.HUMANOS EN NOMINA IV,21,,,x,,
2,15620,ANALISTA DE NOMINA I,15,,,x,,
2,15621,ANALISTA DE NOMINA II,17,,,x,,
2,15622,ANALISTA DE NOMINA III,19,,,x,,
2,15623,ANALISTA DE NOMINA IV,21,,,x,,
2,15624,JEFE DE NOMINA I,23,x,,,,
2,15625,JEFE DE NOMINA II,25,x,,,,
2,15630,ANALISTA CENTRAL PERSONAL EN ADTMTO.,16,,,x,,
2,15640,ANALISTA CENTRAL DE PERSONAL JEFE,25,x,,,,
2,15810,JEFE CENTRAL DE RECURSOS HUMANOS,25,x,,,,
2,15820,JEFE SECTORIAL DE RECURSOS HUMANOS,24,x,,,,
2,16111,COORD. DE DESARROLLO RECURSOS HUMANOS I,18,,,x,,
2,16112,COORDINADOR DESARROLLO R.H.II,20,,,x,,
2,16114,ANALISTA DE DESARROLLO DE REC. HUM.II,18,,,x,,
2,16115,ANALISTA DESARROLLO RECUR. HUMAN.III,19,,,x,,
2,16120,ANALISTA DE PERSONAL EN ADIESTRAMIENTO I,17,,,x,,
2,16121,ANALISTA DE PERS. EN ADIESTRAMIENTO II,19,,,x,,
2,16122,ANALISTA DE PERS. EN ADIESTRAMIENTO III,21,,,x,,
2,16232,COORDINADOR DE ADIESTRAMIENTO,23,,,x,,
2,17110,PROMOTOR DE CURSOS,12,,,,x,
2,17122,INSTRUCTOR FORMACION COMERCIAL II,17,,,x,,
2,17123,INSTRUCTOR FORMACION INDUSTRIAL III,18,,,x,,
2,17232,COORDINADOR FORMACION EMPRESARIAL II,21,,,x,,
2,17413,INSTRUCTOR DE FORMACION INDUSTRIAL III,18,,,x,,
2,21110,AUXILIAR DE CONTABILIDAD,6,,,,x,
2,21111,CONTABILISTA I,8,,,,x,
2,21112,CONTABILISTA II,11,,,,x,
2,21113,CONTABILISTA JEFE I,13,,,,x,
2,21122,CONTABILISTA JEFE II,15,,,x,,
2,21131,CONTADOR I,13,,,,x,
2,21132,CONTADOR II,15,,,x,,
2,21133,CONTADOR III,17,,,x,,
2,21141,CONTADOR JEFE I,19,,,x,,
2,21142,CONTADOR JEFE II,21,,,x,,
2,21211,AUDITOR I,13,,,,x,
2,21212,AUDITOR II,15,,,x,,
2,21213,AUDITOR III,17,,,x,,
2,21214,AUDITOR IV,19,,,x,,
2,21221,AUDITOR JEFE I,20,,,x,,
2,21222,AUDITOR JEFE II,22,,,x,,
2,21223,AUDITOR JEFE III,24,,x,,,
2,21224,AUDITOR JEFE IV,25,x,,,,
2,21310,CONTRALOR INTERNO,25,x,,,,
2,21311,INSPECTOR DE RENTAS I,19,,,x,,
2,21312,AUDITOR INTEGRAL I,15,,,x,,
2,21313,AUDITOR INTEGRAL II,17,,,x,,
2,21314,AUDITOR INTEGRAL III,19,,,x,,
2,21315,AUDITOR INTEGRAL IV,21,,,x,,
2,21316,AUDITOR INTEGRAL JEFE,23,,x,,,
2,21317,AUDITOR INTERNO,25,x,,,,
2,21421,INSPECTOR ADMINISTRATIVO JEFE I,21,,,x,,
2,21422,INSPECTOR ADMINISTRATIVO JEFE II,22,,,x,,
2,21511,CAJERO I,6,,,,x,
2,21512,CAJERO II,8,,,,x,
2,21513,CAJERO III,10,,,,x,
2,21514,CAJERO IV,12,,,,x,
2,21521,CAJERO JEFE I,13,,,,x,
2,21522,CAJERO JEFE II,15,,,x,,
2,21523,CAJERO JEFE III,17,,,x,,
2,21524,ASISTENTE DE TESORERIA,15,,,x,,
2,21530,AUXILIAR DE HABILITADO,6,,,,x,
2,21531,ASISTENTE DE HABILITADO I,9,,,,x,
2,21532,ASISTENTE DE HABILITADO II,11,,,,x,
2,21533,ASISTENTE DE HABILITADO III,13,,,,x,
2,21550,HABILITADO JEFE,21,,,x,,
2,21560,CAJERO I,14,,,,x,
2,21561,CAJERO II,16,,,,x,
2,21570,CAJERO JEFE,19,,,x,,
2,21611,COBRADOR JEFE I,11,,,,x,
2,21612,COBRADOR JEFE II,13,,,,x,
2,21613,COBRADOR JEFE III,15,,,x,,
2,22110,AUXILIAR DE ARCHIVO,9,,,,x,
2,22121,ASISTENTE DE ARCHIVO I,11,,,,x,
2,22122,ASISTENTE DE ARCHIVO II,13,,,,x,
2,22123,ASISTENTE DE ARCHIVO III,16,,,x,,
2,22131,ARCHIVOLOGO I,17,,,x,,
2,22132,ARCHIVOLOGO II,19,,,x,,
2,22133,ARCHIVOLOGO III,21,,,x,,
2,22134,ARCHIVOLOGO IV,23,,x,,,
2,22135,ARCHIVOLOGO JEFE,25,x,,,,
2,22140,ANALISTA DE INFORMACION Y DOCUMENTACION,22,,,x,,
2,22141,ANALISTA DE INFORM. Y DOCUMENTACION II,23,,,x,,
2,22211,OFICINISTA I,2,,,,x,
2,22212,OFICINISTA II,6,,,,x,
2,22213,OFICINISTA III,8,,,,x,
2,22221,SUPERVISOR DE OFICINA I,10,,,,x,
2,22222,SUPERVISOR DE OFICINA II,12,,,,x,
2,22231,RECEPCIONISTA I,2,,,,x,
2,22232,RECEPCIONISTA II,4,,,,x,
2,22233,RECEPCIONISTA III,6,,,,x,
2,22235,RECEPCIONISTA-TELEFONISTA,6,,,,x,
2,22312,TRADUCTOR II,17,,,x,,
2,22411,SUPERVISOR DE SERVICIOS GENERALES I,14,,,,x,
2,22412,SUPERVISOR DE SERVICIOS GENERALES II,16,,,x,,
2,22413,SUPERVISOR DE SERVICIOS GENERALES III,18,,,x,,
2,22414,SUPERVISOR DE SERVICIOS GENERALES IV,20,,,x,,
2,22415,JEFE DE SERVICIOS GENERALES,23,,x,,,
2,23111,OPERADOR DE MAQUINA DE REPRODUCION I,2,,,,,x
2,23112,OPERADOR DE MAQUINA DE REPRODUCCION II,5,,,,,x
2,23113,OPERADOR DE MAQUINA REPROD.III,7,,,,,x
2,23114,OPERERADOR DE MAQUINA DE REPRODUCCION IV,8,,,,,x
2,23115,OPERADOR DE MAQUINA ELECTRONICA,10,,,,x,
2,23117,OPERADOR MAQUINA ELECTRONICA III,14,,,,x,
2,23121,SUPERVISOR REPRODUCCION I,10,,,,x,
2,23122,SUPERVISOR REPRODUCCION II,12,,,,x,
2,23311,TRANSCRIPTOR DE DATOS I,5,,,,x,
2,23312,TRANSCRIPTOR DE DATOS II,7,,,,x,
2,23313,TRANSCRIPTOR DE DATOS III,9,,,,x,
2,23314,TRANSCRIPTOR DE DATOS IV,11,,,,x,
2,23320,SUPERVISOR DE TRANSCRIPTOR DE DATOS,13,,,,x,
2,23331,OPERADOR DE EQUIPO DE COMPUTACION I,10,,,,x,
2,23332,OPERADOR DE EQUIPO DE COMPUTACION II,12,,,,x,
2,23333,OPERADOR DE EQUIPO DE COMPUTACION III,14,,,,x,
2,23334,OPERADOR DE EQUIPO DE COMPUTACION IV,16,,,x,,
2,23400,ASISTENTE DE ANALISTA DE SOPORTE TECNOLO,15,,,x,,
2,23410,ASISTENTE DE PROGRAMACION,12,,,,x,
2,23411,ANALISTA DE SOPORTE TECNOLOGICO I,17,,,x,,
2,23412,ANALISTA DE SOPORTE TECNOLOGICO II,19,,,x,,
2,23413,ANALISTA DE SOPORTE TECNOLOGICO III,20,,,x,,
2,23421,PROGRAMADOR I,14,,,,x,
2,23422,PROGRAMADOR II,16,,,x,,
2,23423,PROGRAMADOR III,18,,,x,,
2,23424,PROGRAMADOR IV,20,,,x,,
2,23430,SUPERVISOR DE PROGRAMACION,22,,,x,,
2,23433,ANALISTA DE SOPORTE TECNOLOGICO III,20,,,x,,
2,23440,ANALISTA PROGRAMADOR,17,,,x,,
2,23441,ANALISTA PROGRAMADOR I,17,,,x,,
2,23442,ANALISTA PROGRAMADOR II,19,,,x,,
2,23451,ANALISTA PROCESOS DE DATOS I,18,,,x,,
2,23452,ANALISTA PROCESOS DE DATOS II,20,,,x,,
2,23453,ANALISTA PROCESOS DE DATOS III,22,,,x,,
2,23457,ANALISTA DE RELACIONES INTERNACIONAL III,21,,,x,,
2,23461,JEFE DE INFORMATICA I,21,,,x,,
2,23462,JEFE DE INFORMATICA II,23,,x,,,
2,23463,JEFE DE INFORMATICA III,25,x,,,,
2,23471,ESPECIALISTA EN INFORMATICA I,23,,,x,,
2,23472,ESPECIALISTA EN INFORMATICA II,25,x,,,,
2,23481,JEFE DE SOPORTE TECNOLOGICO I,22,,,x,,
2,23482,JEFE DE SOPORTE TECNOLOGICO II,23,,x,,,
2,24111,MECANOGRAFO I,3,,,,x,
2,24112,MECANOGRAFO II,5,,,,x,
2,24113,MECANOGRAFO III,7,,,,x,
2,24114,MECANOGRAFO IV,9,,,,x,
2,24311,SECRETARIO I,12,,,,x,
2,24312,SECRETARIO II,14,,,,x,
2,24313,SECRETARIO III,16,,,,x,
2,24321,SECRETARIO BILINGUE I,16,,,x,,
2,24322,SECRETARIO BILINGUE II,18,,,x,,
2,24341,SECRETARIO EJECUTIVO I,18,,,x,,
2,24342,SECRETARIO EJECUTIVO II,20,,,x,,
2,24343,SECRETARIO EJECUTIVO III,22,,,x,,
2,24344,SECRETARIO GERENCIAL,23,,,x,,
2,24345,SECRETARIO ADMINISTRATIVO I,13,,,,x,
2,24346,SECRETARIO ADMINISTRATIVA II,15,,,x,,
2,24347,SECRETARIO ADMINISTRATIVO III,17,,,x,,
2,24633,INGENIERO MECANICO JEFE II,25,x,,,,
2,24693,INGENIERO MECANICO JEFE II,23,,x,,,
2,25110,REGIST. AUXI.DE B. Y MATERIAS,7,,,,x,
2,25111,REGIST. DE B. Y MATERIAS I,9,,,,x,
2,25112,REGIST. DE B. Y MATERIAS II,11,,,,x,
2,25121,REGIST. DE B. Y MATE. JEFE I,13,,,,x,
2,25122,REGIST. DE B. Y MATE. JEFE II,15,,,x,,
2,25123,REGIST. DE B. Y MATE. JEFE III,17,,,x,,
2,25124,REGIST.DE B. Y MATE.JEFE IV,19,,,x,,
2,25125,REG. BIENES MATERIALES JEFE V,21,,,x,,
2,25211,AUXILIAR DE ALMACEN I,5,,,,x,
2,25212,AUXILIAR DE ALMACEN II,8,,,,x,
2,25221,ALMACENISTA I,10,,,,x,
2,25222,ALMACENISTA II,12,,,,x,
2,25231,ALMACENISTA JEFE I,14,,,,x,
2,25232,ALMACENISTA JEFE II,16,,,x,,
2,25310,AUXILIAR DE COMPRAS,8,,,,x,
2,25311,COMPRADOR I,10,,,,x,
2,25312,COMPRADOR II,12,,,,x,
2,25313,COMPRADOR III,15,,,x,,
2,25321,COMPRADOR JEFE I,17,,,x,,
2,25322,COMPRADOR JEFE II,19,,,x,,
2,25323,COMPRADOR JEFE III,21,,,x,,
2,26000,COORD. DE SEGURIDAD Y OPERACIONES,16,,,x,,
2,29901,ASISTENTE DE CONTABILIDAD II,13,,,,x,
2,29910,AUXILIAR DE TESORERIA,9,,,,x,
2,31121,EDITOR DE NOTICIAS I,17,,,x,,
2,31210,INFORMADOR,9,,,,x,
2,31219,ASISTENTE DE INFORMACION I,9,,,,x,
2,31220,ASISTENTE DE INFORMACION II,11,,,,x,
2,31221,ASIST. ESPEC. INFORM. I,13,,,,x,
2,31222,ASIST. DE ESPEC. INFORM. II,15,,,x,,
2,31223,ASISTENTE ESPECIALISTA INFORMACION III,16,,,x,,
2,31224,ASISTENTE DE INFORMACION III,13,,,,x,
2,31231,ESPECIALISTA EN INFORMACION I,17,,,x,,
2,31232,ESPECIALISTA EN INFORMACION II,19,,,x,,
2,31233,ESPECIALISTA EN INFORMACION III,21,,,x,,
2,31234,ESPECIALISTA E INFORMACION IV,22,,,x,,
2,31311,ASISTENTE DE COMUNI/SOCIAL I,13,,,,x,
2,31312,ASISTENTE DE COMUNI/SOCIAL II,15,,,x,,
2,31321,COMUNICADOR SOCIAL I,17,,,x,,
2,31322,COMUNICADOR SOCIAL II,19,,,x,,
2,31323,COMUNICADOR SOCIAL III,21,,,x,,
2,31324,COMUNICADOR SOCIAL JEFE I,23,,x,,,
2,31325,EDITOR,23,,,x,,
2,31326,COMUNICADOR SOCIAL JEFE II,24,x,,,,
2,31327,COMUNICADOR SOCIAL JEFE III,25,x,,,,
2,31330,ASISTENTE RELACIONES PUBLICAS,15,,,x,,
2,31341,JEFE DE RELACIONES PUBLICAS I,17,,,x,,
2,31342,JEFE DE RELACIONES PUBLICAS II,19,,,x,,
2,31343,JEFE DE RELACIONES PUBLICAS III,21,,,x,,
2,31344,JEFE DE RELACIONES PUBLICAS IV,23,,x,,,
2,31370,EDITOR JEFE,25,x,,,,
2,31410,CORRECTOR DE ESTILO I,15,,,x,,
2,31411,CORRECTOR DE ESTILO II,17,,,x,,
2,31430,COORDINADOR DE ASUNTOS LITERARIOS,19,,,x,,
2,32120,REALIZADOR DE ESCENOGRAFIA,12,,,,x,
2,32125,JEFE DE ESCENOGRAFIA,15,,,x,,
2,32221,OPERADOR DE CAMARA DE T.V. I,8,,,,x,
2,32222,OPERADOR DE CAMARA DE T.V. II,10,,,,x,
2,32230,OPERADOR DE AUDIO,12,,,,x,
2,32231,OPERADOR DE AUDIO II,13,,,,x,
2,32240,OPERADOR DE VIDEO,10,,,,x,
2,32241,OPERADOR DE VIDEO II,13,,,,x,
2,32250,OPERADOR DE MASTER DE TELEVISION,13,,,,x,
2,32261,OPERADOR DE EQUIPO DE GRABACION I,6,,,,x,
2,32262,OPERADOR DE EQUIPO DE GRABACION II,8,,,,x,
2,32263,OPERADOR DE EQUIPO DE GRABACION III,10,,,,x,
2,32264,SUPERVISOR DE EQUIPOS DE GRABACION I,12,,,,x,
2,32265,SUPERVISOR EQUIPOS GRAB.II,14,,,,x,
2,32271,OPERADOR DE MAQUINA PROYECTORA I,6,,,,x,
2,32272,OPERADOR DE MAQUINA PROYECTORA II,8,,,,x,
2,32310,CAMAROGRAFO,13,,,,x,
2,32330,TECNICO EN SONIDO,12,,,,x,
2,32331,TECNICO DE SONIDO II,15,,,x,,
2,32421,COORD. ASUNTOS CINEMATOGRAFICO I,15,,,x,,
2,33121,ASISTENTE DE PROTOCOLO I,11,,,,x,
2,33122,ASISTENTE DE PROTOCOLO II,13,,,,x,
2,33211,ASISTENTE DE CEREMONIAL I,14,,,,x,
2,33212,ASISTENTE DE CEREMONIAL II,16,,,x,,
2,33313,CAPELLAN III,20,,,x,,
2,33314,CAPELLAN IV,23,,,x,,
2,34110,ANALISTA DE ASUNTOS AUDIOVISUALES,15,,,x,,
2,34111,ANALISTA DE ASUNTOS AUDIOVISUALES II,17,,,x,,
2,34120,JEFE DE CENTRO AUDIOVISUAL,17,,,x,,
2,34121,JEFE CENTRO AUDIOVISUAL II,19,,,x,,
2,34122,JEFE DE CENTRO AUDIOVISUAL III,22,,,x,,
2,34231,ENTRENADOR DEPORTIVO I,10,,,,x,
2,34232,ENTRENADOR DEPORTIVO II,13,,,,x,
2,34233,ENTRENADOR DEPORTIVO III,15,,,x,,
2,34234,ENTRENADOR DEPORTIVO IV,17,,,x,,
2,34235,ENTRENADOR DEPORTIVO V,19,,,x,,
2,34236,ENTRENADOR DEPORTIVO VI,21,,,x,,
2,34237,ENTRENADOR DEPORTIVO VII,23,,,x,,
2,34238,COORDINADOR DE DEPORTE,25,x,,,,
2,35112,ASISTENTE ASUNTOS LEGALES I,15,,,x,,
2,35113,ASISTENTE ASUNTOS LEGALES II,16,,,x,,
2,35121,ABOGADO I,17,,,x,,
2,35122,ABOGADO II,19,,,x,,
2,35123,ABOGADO III,21,,,x,,
2,35125,ABOGADO JEFE,23,,x,,,
2,35126,ABOGADO JEFE I,25,x,,,,
2,36022,AUXILIAR DE ESTADISTICA II,9,,,,x,
2,36121,ASISTENTE DE ESTADISTICA I,11,,,,x,
2,36122,ASISTENTE DE ESTADISTICA II,13,,,,x,
2,36123,ASISTENTE DE ESTADISTICA III,15,,,x,,
2,36131,ESTADISTICO I,17,,,x,,
2,36132,ESTADISTICO II,19,,,x,,
2,36133,ESTADISTICO III,21,,,x,,
2,36141,ESTADISTICO JEFE I,23,,,x,,
2,36142,ESTADISTICO JEFE II,24,,x,,,
2,36221,ECONOMISTA I,17,,,x,,
2,36222,ECONOMISTA II,19,,,x,,
2,36223,ECONOMISTA III,20,,,x,,
2,36231,ECONOMISTA JEFE I,22,,,x,,
2,36232,ECONOMISTA JEFE II,23,,,x,,
2,36233,ECONOMISTA JEFE III,24,,x,,,
2,36234,ECONOMISTA JEFE IV,25,x,,,,
2,36321,PSICOLOGO I,17,,,x,,
2,36322,PSICOLOGO II,19,,,x,,
2,36323,PSICOLOGO III,21,,,x,,
2,36324,PSICOLOGO IV,22,,,x,,
2,36325,PSICOLOGO JEFE I,23,,x,,,
2,36326,PSICOLOGO JEFE II,24,x,,,,
2,36331,BIBLIOTECOLOGO I,17,,,x,,
2,36421,SOCIOLOGO I,17,,,x,,
2,36422,SOCIOLOGO II,19,,,x,,
2,36511,GEOGRAFO I,17,,,x,,
2,36610,AUXILIAR DE BIBLIOTECA,9,,,,x,
2,36621,ASISTENTE DE BIBLIOTECA I,11,,,,x,
2,36622,ASISTENTE DE BIBLIOTECA II,13,,,x,x,
2,36623,ASISTENTE DE BIBLIOTECA III,15,,,x,,
2,36631,BIBLIOTECOLOGO I,17,,,x,,
2,36632,BIBLIOTECOLOGO II,19,,,x,,
2,36633,BIBLIOTECOLOGO III,21,,,x,,
2,36634,BIBLIOTECOLOGO IV,23,,x,,,
2,36635,BIBLIOTECOLOGO JEFE I,24,,x,,,
2,36636,BIBLIOTECOLOGO JEFE II,25,x,,,,
2,36811,INVESTIGADOR SOCIAL I,17,,,x,,
2,36820,INVESTIGADOR SOCIAL JEFE,23,,,x,,
2,37210,ASISTENTE DE MUSEOGRAFIA,15,,,x,,
2,37431,CURADOR DE OBRAS I,21,,,x,,
2,37432,CURADOR DE OBRAS II,23,,,x,,
2,37433,CURADOR DE OBRAS III,25,x,,,,
2,37510,ALMACENISTA DE MUSEO,12,,,,x,
2,37921,PROMOTOR CULTURAL,17,,,x,,
2,41130,PRACTICO DE VIVERO,13,,,,x,
2,41210,INVESTIGADOR EN ADIESTRAMIENTO,17,,,x,,
2,41211,INVESTIGADOR I,19,,,x,,
2,41212,INVESTIGADOR II,20,,,x,,
2,41213,INVESTIGADOR III,21,,,x,,
2,41214,INVESTIGADOR IV,23,,,x,,
2,41215,INVESTIGADOR V,24,,x,,,
2,41520,ZOOTECNISTA JEFE,25,x,,,,
2,41612,AUXILIAR DE BOTANICA II,6,,,,x,
2,42450,TAXIDERMISTA,13,,,,x,
2,42460,CRIADOR DE ANIMALES,9,,,,x,
2,42511,ASISTENTE DE BIOLOGIA I,12,,,,x,
2,42512,ASISTENTE DE BIOLOGIA II,15,,,x,,
2,42522,BIOLOGO II,19,,,x,,
2,42612,BIOLOGO II,19,,,x,,
2,43150,TOPOGRAFO CARTOGRAFICO JEFE,21,,,x,,
2,43411,ASISTENTE DE INGENIERIA I,13,,,,x,
2,43412,ASISTENTE DE INGENIERIA II,14,,,,x,
2,43413,ASISTENTE DE INGENIERIA III,16,,,x,,
2,43414,ASISTENTE DE INGENIERIA IV,17,,,x,,
2,43421,INGENIERO CIVIL I,18,,,x,,
2,43422,INGENIERO CIVIL II,19,,,x,,
2,43423,INGENIERO CIVIL III,21,,,x,,
2,43431,INGENIERO CIVIL JEFE I,22,,,x,,
2,43432,INGENIERO CIVIL JEFE II,24,x,,,,
2,43433,INGENIERO CIVIL JEFE III,25,x,,,,
2,43461,INSPECTOR DE O.ING. CIVIL I,13,,,,x,
2,43462,INSPECTOR DE O.ING. CIVIL II,14,,,,x,
2,43463,INSPECTOR DE O.ING. CIVIL III,15,,,x,,
2,43464,INSP. DE OBRAS DE ING.CIVIL IV,16,,,x,,
2,43531,ARQUITECTO I,18,,,x,,
2,43532,ARQUITECTO II,19,,,x,,
2,43533,ARQUITECTO III,21,,,x,,
2,43539,ARQUITECTO JEFE II,24,x,,,,
2,43541,ARQUITECTO JEFE I,22,,,x,,
2,43542,ARQUITECTO JEFE II,24,,x,,,
2,43543,ARQUITECTO JEFE III,25,x,,,,
2,43711,AUXILIAR DE DIBUJO I,4,,,,x,
2,43712,AUXILIAR DE DIBUJO II,6,,,,x,
2,43718,DIBUJANTE ARTISTICO,10,,,,x,
2,43721,DIBUJANTE I,9,,,,x,
2,43722,DIBUJANTE II,12,,,,x,
2,43723,DIBUJANTE III,13,,,,x,
2,43724,DIBUJANTE IV,15,,,x,,
2,43731,DIBUJANTE JEFE I,16,,,x,,
2,43732,DIBUJANTE JEFE II,17,,,x,,
2,43770,DIAGRAMADOR,13,,,,x,
2,43771,DIAGRAMADOR II,15,,,x,,
2,43775,DISEÑADOR GRAFICO,15,,,x,,
2,43776,DISEÑADOR GRAFICO II,17,,,x,,
2,43777,DISEÑADOR GRAFICO III,19,,,x,,
2,43781,DIBUJANTE ILUSTRADOR I,15,,,x,,
2,43782,DIBUJANTE ILUSTRADOR II,17,,,x,,
2,43783,DIBUJANTE ILUSTRADOR III,19,,,x,,
2,43790,DIBUJANTE ILUSTRADOR JEFE,21,,,x,,
2,43800,ANIMADOR GRAFICO I,15,,,x,,
2,43801,ANIMADOR GRAFICO II,16,,,x,,
2,43802,ANIMADOR GRAFICO III,18,,,x,,
2,43803,ANIMADOR GRAFICO JEFE I,20,,,x,,
2,43804,ANIMADOR GRAFICO JEFE II,22,,,x,,
2,43811,URBANISTA I,18,,,x,,
2,43812,URBANISTA II,19,,,x,,
2,43820,URBANISTA JEFE,23,,,x,,
2,44713,TECNICO QUIMICO III,15,,,x,,
2,44721,QUIMICO I,17,,,x,,
2,44722,QUIMICO II,19,,,x,,
2,44723,QUIMICO III,21,,,x,,
2,44731,QUIMICO JEFE I,22,,,x,,
2,44732,QUIMICO JEFE II,23,,x,,,
2,45000,FOTOLITOGRAFO,12,,,,x,
2,45111,AUXILIAR DE LABORATORIO I,3,,,,x,
2,45112,AUXILIAR DE LABORATORIO II,5,,,,x,
2,45121,LABORATORISTA I,10,,,,x,
2,45122,LABORATORISTA II,13,,,,x,
2,45123,LABORATORISTA III,14,,,,x,
2,45124,LABORATORISTA IV,15,,,,x,
2,45131,ASIST. DE INV. Y DOC. I,13,,,,x,
2,45132,ASISTENTE DE LAB. DE INV. Y DOC II,16,,,x,,
2,45133,ASISTENTE DE LAB DE INV Y DOC III,18,,,x,,
2,45240,AUXILIAR DE FOTOGRAFIA,4,,,,x,
2,45251,FOTOGRAFO I,8,,,,x,
2,45252,FOTOGRAFO II,12,,,,x,
2,45253,FOTOGRAFO III,15,,,x,,
2,45260,FOTOGRAFO JEFE,16,,,x,,
2,45261,FOTOGRAFO JEFE II,18,,,x,,
2,45262,FOTOGRAFO JEFE III,20,,,x,,
2,45271,LABORATORISTA FOTOGRAFICO I,9,,,,x,
2,45272,LABORATORISTA FOTOGRAFICO II,11,,,,x,
2,45341,MICROFILMADOR I,13,,,,x,
2,45361,FOTOGRAFO LABORATORISTA DE INV. I,15,,,x,,
2,45362,FOTOGRAFO LABORATORISTA DE INV. II,17,,,x,,
2,45363,FOTOGRAFO LABORATORISTA DE INV. III,19,,,x,,
2,45370,FOTOGRAFO LAB. DE INV. JEFE,21,,,x,,
2,45421,SOPLADOR DE VIDRIO,21,,,x,,
2,45611,BIOLOGO I,17,,,x,,
2,46000,TECNICO EN COMPUTACION,15,,,x,,
2,46001,TECNICO COMPUTACION II,16,,,x,,
2,46002,TECNICO EN INFORMATICA I,15,,,x,,
2,46111,TECNICO MECANICO  I,11,,,,x,
2,46112,TECNICO MECANICO II,13,,,,x,
2,46113,TECNICO MECANICO III,14,,,,x,
2,46114,TECNICO MECANICO IV,15,,,x,,
2,46115,TECNICO MECANICO V,17,,,x,,
2,46121,TECNICO ELECTRICISTA I,11,,,,x,
2,46122,TECNICO ELECTRICISTA II,13,,,,x,
2,46123,TECNICO ELECTRICISTA III,14,,,,x,
2,46124,TECNICO ELECTRICISTA IV,15,,,x,,
2,46133,TECNICO ELECTRONICO III,14,,,,x,
2,46211,TECNICO ELECTRONICO I,11,,,,x,
2,46212,TECNICO ELECTRONICO II,13,,,,x,
2,46213,TECNICO ELECTRONICO III,14,,,,x,
2,46214,TECNICO ELECTRONICO IV,15,,,x,,
2,46215,TECNICO ELECTRONICO V,17,,,x,,
2,46216,TECNICO ELECTRONICO VI,19,,,x,,
2,46217,TECNICO ELECTRONICO JEFE,21,,,x,,
2,46231,TECNICO DE MTTO. EQUIPOS ELECTRONICOS I,15,,,x,,
2,46232,TECNICO DE MTTO. EQUIPOS ELECTRONICOS II,17,,,x,,
2,46233,TECNICO DE MTTO. EQUIPOS ELECTRONICO III,19,,,x,,
2,46262,FOTOGRAFO JEFE III,20,,,x,,
2,46311,INGENIERO MECANICO I,18,,,x,,
2,46312,INGENIERO MECANICO II,19,,,x,,
2,46313,INGENIERO MECANICO III,21,,,x,,
2,46320,INGENIERO MECANICO JEFE I,22,,,x,,
2,46511,INGENIERO ELECTRICISTA I,18,,,x,,
2,46512,INGENIERO ELECTRICISTA II,19,,,x,,
2,46513,INGENIERO ELECTRICISTA III,21,,,x,,
2,46520,INGENIERO ELECTRICISTA JEFE,22,,,x,,
2,46524,INGENIERO ELECTRONICO III,21,,,x,,
2,46530,INGENIERO ELECTRONICO JEFE I,22,,,x,,
2,46531,INGENIERO ELECTRONICO JEFE II,23,,x,,,
2,46532,INGENIERO ELECTRONICO JEFE III,25,x,,,,
2,46612,INGENIERO INDUSTRIAL II,19,,,x,,
2,46613,INGENIERO INDUSTRIAL III,21,,,x,,
2,46614,INGENIERO INDUSTRIAL JEFE I,22,,,x,,
2,46615,INGENIERO INDUSTRIAL JEFE II,23,,,x,,
2,46616,INGENIERO INDUSTRIAL JEFE III,24,x,,,,
2,46617,INGENIERO INDUSTRIAL JEFE IV,25,x,,,,
2,46708,INGENIERO INDUSTRIAL JEFE,24,,x,,,
2,51411,OPER DE TELECOMUNICACIONES I,7,,,,x,
2,51412,OPERADOR DE TELECOMUNICACIONES I,9,,,,x,
2,51413,OPERADOR DE TELECOMUNICACIONES III,11,,,,x,
2,51414,OPERERADOR DE TELECOMUNICACIONES IV,13,,,,x,
2,51481,TELEFONISTA I,4,,,,x,
2,51482,TELEFONISTA II,6,,,,x,
2,51483,TELEFONISTA III,8,,,,x,
2,51485,TELEFONISTA JEFE I,10,,,,x,
2,51514,TECNICO EN TELECOMUNICACIONES,15,,,x,,
2,52110,DESPACHADOR DE VEHICULO,8,,,,x,
2,52141,JEFE DE TRANSP. AUTOMOTOR I,10,,,,x,
2,52142,JEFE DE TRANSP. AUTOMOTOR II,12,,,,x,
2,52143,JEFE DE TRANSP. AUTOMOTOR III,14,,,,x,
2,52144,JEFE DE TRANSP. AUTOMOTOR IV,17,,,x,,
2,61140,SUPERVISOR DE CARPINTEROS,12,,,,x,
2,61141,SUPERVISOR DE CARPINTERIA II,14,,,,x,
2,61142,SUPERVISOR DE CARPINTERIA III,16,,,x,,
2,62121,SUPERVISOR DE MANTENIMIENTOS DE EDF.I,10,,,,x,
2,62122,SUPERVISOR DE MANTENIMIENTOS DE EDIF.II,12,,,,x,
2,62123,SUPERVISOR DE MANTENIMIENTO DE EDIF.III,14,,,,x,
2,62124,SUPERVISOR DE MANTENIMIENTO DE EDIF.IV,16,,,x,,
2,62125,SUPERVISOR DE MANTENIMIENTO EDIFICIOS V,18,,,x,,
2,62126,SUPERVISOR DE MANTENIMIENTO EDIFICIO VI,20,,,x,,
2,63121,SUPERV. DE TALLER DE IMP. I,12,,,,x,
2,63122,SUPERV.DE TALLER DE IMP. II,14,,,,x,
2,63123,SUPERV. DE TALLER DE IMP. III,16,,,x,,
2,63124,SUPERV. DE TALLER IMPRENTA IV,18,,,x,,
2,66142,SUPERVISOR DE CARPINTERIA III,16,,,x,,
2,71130,DITISTA JEFE,24,,x,,,
2,71331,ENFERMERA I,13,,,,x,
2,71332,ENFERMERA II,14,,,,x,
2,71333,ENFERMERA III,15,,,x,,
2,71340,ENFERMERA JEFE I,17,,,x,,
2,71341,ENFERMERA JEFE I,16,,,x,,
2,71342,ENFERMERA JEFE II,18,,,x,,
2,71343,ENFERMERA JEFE III,19,,,x,,
2,71344,ENFERMERA JEFE IV,21,,,x,,
2,73211,ODONTOLOGO I,17,,,x,,
2,73212,ODONTOLOGO II,19,,,x,,
2,73213,ODONTOLOGO III,21,,,x,,
2,75131,MEDICO I,18,,,x,,
2,75141,MEDICO JEFE I,21,,,x,,
2,75142,MEDICO JEFE II,22,,,x,,
2,75143,MEDICO JEFE III,23,,,x,,
2,75144,MEDICO JEFE IV,24,,x,,,
2,75311,MEDICO ESPECIALISTA I,19,,,x,,
2,75312,MEDICO ESPECIALISTA II,21,,,x,,
2,76307,TECNICO DE ZONA SANEAMIENTO AMBIENTAL II,17,,,x,,
2,76310,JEFE DE ZONA DE SANEAMIENTO AMBIENTAL,23,,,x,,
2,77121,DIETISTA I,17,,,x,,
2,77122,DIETISTA II,19,,,x,,
2,77123,DIETISTA III,21,,,x,,
2,77124,DIETISTA IV,23,,,x,,
2,77130,DIETISTA JEFE,24,,x,,,
2,77131,DIETISTA JEFE II,25,x,,,,
2,78200,ASISTENTE DE VETERINARIA I,13,,,x,x,
2,78201,ASISTENTE DE VETERINARIA II,15,,,x,,
2,78202,ASISTENTE DE VETERINARIA III,17,,,x,,
2,78203,ASISTENTE DE VETERINARIO IV,19,,,x,,
2,79341,TECNICO TRABAJADOR SOCIAL I,13,,,,x,
2,79342,TECNICO TRABAJADOR SOCIAL II,15,,,x,,
2,79343,TECNICO TRABAJADOR SOCIAL III,16,,,x,,
2,79351,TRABAJADOR SOCIAL I,17,,,x,,
2,79352,TRABAJADOR SOCIAL II,19,,,x,,
2,79353,TRABAJADOR SOCIAL III,21,,,x,,
2,79354,TRABAJADOR SOCIAL IV,22,,,x,,
2,79355,TRABAJADOR SOCIAL JEFE,23,,x,,,
2,85011,INSPECTOR DE CONTROL DE PERDIDAS,12,,,,x,
2,85012,INSPECTOR DE CONTROL DE PERDIDAS II,13,,,,x,
2,85113,SUPERV. DE PROTECCION Y SEGURIDAD CCD I,13,,,,x,
2,85114,SUPERV. DE PROTECCION Y SEGURIDAD CDD II,15,,,x,,
2,85115,INSPECTOR DE PROTECCION Y SEGURIDAD CIUD,17,,,x,,
2,85116,INSPECTOR DE PROTEC. Y SEG. CIUDADANA,19,,,x,,
2,85117,JEFE PLANES OPERATIVOS EN SEGURIDAD CDNA,21,,,x,,
2,85118,JEFE PLANES OPERAT. SEG. CIUDADANA II,23,,x,,,
2,85119,JEFE PLANES OPER. SEG. CIUDADANA III,25,x,,,,
2,85120,INSPECTOR DE PROT. Y SEG. CIUDADANA I,15,,,x,,
2,85123,INSPECTOR DE SEGURIDAD INDUSTRIAL III,15,,,x,,
2,86000,GESTOR DE DESECHOS,19,,,x,,
2,88000,COORDINADOR ASUNTO CINEMATOGRAFICOS I,15,,,x,,
2,88002,ASISTENTE ASESORIA JURIDICA,24,,,x,,
2,88888,AYUDANTE ADMINISTRATIVO,1,,,,x,
2,90500,ANALISTA DE CONTROL ACADEMICO,19,,,x,,
2,90800,ASISTENTE DE CAMPO,20,,,x,,
2,91100,ASISTENTE PLANIFICACION HORARIOS I,10,,,,x,
2,91101,ASISTENTE PLANIFICACION HORARIOS II,12,,,,x,
2,91102,ASISTENTE PLANIFICACION HORARIOS III,14,,,,x,
2,91103,SUPERVISOR PLANIFICADOR HORARIOS,16,,,x,,
2,91203,ASISTENTE DE CONTROL DE ESTUDIO III,14,,,,x,
2,91205,SUPERVISOR DE CONTROL DE ESTUDIOS I,16,,,x,,
2,91206,SUPERVISOR DE CONTROL DE ESTUDIOS II,18,,,x,,
2,91340,ASESOR ANALISIS PRESUPUESTO,21,,,x,,
2,91621,COORDINADOR DE FORMACION Y MEJORA,21,,,x,,
2,91711,ASISTENTE DE FORMACION EMPRES.,13,,,,x,
2,91800,COORDINADOR ENTRENAMIENTO,23,,,x,,
2,92200,COORDINADOR TECNICO DE CALIDAD,23,,,x,,
2,92311,SUPERVISOR CONTROL DE CALIDAD SIS,19,,,x,,
2,92330,INGENIERO DE SISTEMA II,19,,,x,,
2,92331,INGENIERO DE SISTEMA III,21,,,x,,
2,92361,INGENIERO DE COMPUTACION I,18,,,x,,
2,92362,INGENIERO DE COMPUTACION II,19,,,x,,
2,92511,ASISTENTE DE VENTA,12,,,,x,
2,92531,ASISTENTE DE COMPRAS I,11,,,,x,
2,93000,ASISTENTE DE PRODUCCION,15,,,x,,
2,93211,PRODUCTOR AUDIOVISUAL I,17,,,x,,
2,93212,JEFE SECCION DE SONIDO,18,,,x,,
2,93213,PRODUCTOR AUDIOVISUAL,21,,,x,,
2,93220,PRODUCTOR DE MULTIMEDIA,15,,,x,,
2,93410,TECNICO RECURSOS APRENDIZAJE,15,,,x,,
2,93415,ANALISTA PROG CENTRAL CURSOS,17,,,x,,
2,93424,SUPERVISOR DE ACTIVIDADES DEPO,18,,,x,,
2,93521,ANALISTA DE ASUNTOS LEGALES,19,,,x,,
2,93700,ADMINISTRADOR DE SISTEMAS I,18,,,x,,
2,93701,ADMINISTRADOR DE SISTEMAS II,19,,,x,,
2,93702,ADMINISTRADOR DE SISTEMAS III,21,,,x,,
2,93703,ADMINISTRADOR DE SISTEMAS IV,23,,,x,,
2,93711,JEFE OFIC.PATRIMONIO ARTISTICO,21,,,x,,
2,93712,ADMINISTRADOR PATRIMONIO ARTISTICO I,23,,,x,,
2,94000,ASISTENTE DE ADMINISTRADOR DE SISTEMA I,15,,,x,,
2,94010,ADMINISTRADOR DE TRANSPORTE I,15,,,x,,
2,94011,ADMINISTRADOR DE TRANSPORTE II,17,,,x,,
2,94012,ADMINISTRADOR DE TRANSPORTE III,19,,,x,,
2,94013,ADMINISTRADOR DE TRANSPORTE IV,21,,,x,,
2,94014,ADMINISTRADOR DE TRANSPORTE JEFE,23,,x,,,
2,94015,ASIST. DE HIGIENE Y SEGURIDAD INDUSTRIAL,15,,,x,,
2,94019,ANALISTA DE PRESTACIONES SOCIALES I,15,,,x,,
2,94020,ANALISTA DE PRESTACIONES SOCIALES II,17,,,x,,
2,94030,ASISTENTE DE DEPARTAMENTO ACADEMICO I,17,,,x,,
2,94031,ASISTENTE DE DEPARTAMENTO ACADEMICO II,19,,,x,,
2,94032,ASISTENTE DE DEPARTAMENTO ACADEMICO III,21,,,x,,
2,94033,ASISTENTE DE DEPARTAMENTO ACADEMICO IV,23,,,x,,
2,94351,INSPECTOR DE OPERACIONES,14,,,,x,
2,94360,CONTRALOR INTERNO,25,x,,,,
2,94361,CONTROLADOR RUTAS TRANSP. COLECTIVO,14,,,,x,
2,94371,OPERADOR DE FOTOCOMPOSICION,14,,,,x,
2,94511,TECNICO DE LABORATORIO I,11,,,,x,
2,94512,TECNICO DE LABORATORIO II,14,,,,x,
2,94513,TECNICO DE LABORATORIO III,17,,,x,,
2,94514,TECNICO DE LABORATORIO IV,20,,,x,,
2,94515,TECNICO DE LABORATORIO V,22,,,x,,
2,94520,INGENIERO DE SONIDO,18,,,x,,
2,94543,SOPLADOR DE VIDRIO,21,,,x,,
2,94592,TECNICO DE LABORATORIO II,15,,,x,,
2,94611,MECANICO MANTENIMIENTO CALDERA,10,,,,x,
2,94613,MECANICO MANTENIMIENTO CALDERAS II,13,,,,x,
2,95000,SUPERVISOR RELACIONES PROTOCOLARES I,17,,,x,,
2,95001,SUPERVISOR DE RELACIONES PROTOCOLARES II,18,,,x,,
2,95097,ASISTENTE TECNICO ADMINISTRATIVO I,10,,,,x,
2,95098,ASISTENTE TECNICO ADMINISTRATIVO II,12,,,,x,
2,95099,ASISTENTE TECNICO ADMINISTRATIVO III,14,,,,x,
2,95100,ASISTENTE TECNICO ADMINISTRATIVO IV,16,,,x,,
2,95101,ASISTENTE TECNICO ADMINISTRATIVO V,18,,,x,,
2,95102,ASISTENTE TECNICO ADMINISTRATIVO VI,20,,,x,,
2,95103,ASISTENTE EMERGENCIAS PREHOSPITALARIA I,14,,,,x,
2,95104,ASISTENTE EMERGENCIAS PREHOSPITALARIA II,16,,,x,,
2,95197,ASIST. TECNICO ADMNISTRATIVO I,10,,,,x,
2,95200,ASISTENTE SERVICIO GENERAL III,15,,,x,,
2,95201,ASISTENTE SERVICIO GENERAL IV,16,,,x,,
2,95700,ASISTENTE TECNICO MUSEO,15,,,x,,
2,96004,COORD. DE PROYEC. DE GESTION DE INFOR. V,24,,x,,,
2,96006,JEFE PROYECTOS DE SIST. DE INFOR. II,22,,,x,,
2,96010,INSPECTOR DE RUTAS DE TRANSPORTE I,6,,,,x,
2,96200,ASIST. DE SERVICIOS DE MANTT. III,15,,,x,,
2,96211,TECNICO DE MANTENIMIENTO I,11,,,,x,
2,96212,TECNICO DE MANTENIMIENTO II,14,,,,x,
2,96213,TECNICO DE MANTENIMIENTO III,17,,,x,,
2,96214,TECNICO DE MANTENIMIENTO IV,20,,,x,,
2,96215,TECNICO DE MANTENIMIENTO V,21,,,x,,
2,96311,OPERADOR DE COMPOSICION I,14,,,,x,
2,96312,OPERADOR DE COMPOSICION II,16,,,x,,
2,96313,ESPECIALISTA DE ESTILO,21,,,x,,
2,96331,MONTADOR EN FRIO I,9,,,,x,
2,96332,MONTADOR EN FRIO II,11,,,,x,
2,96500,ASIST.EJECUT.DEL CONSEJO DIRECT.UNIVERS.,22,,,x,,
2,96501,ASIST. EJEC. DEL DIRECTIVO 11,23,,,x,,
2,96800,COORD. DE SIST. DE MANT. DE EQUIPOS,12,,,,x,
2,97000,INGENIERO ELECTRONICO I,18,,,x,,
2,97001,INGENIERO ELECTRONICO II,19,,,x,,
2,97002,INGENIERO ELECTRONICO III,21,,,x,,
2,97011,ING. MANTENIMIENTO ELECTRONICO,19,,,x,,
2,97200,ASIST. DE INVEST. EN ANALISIS AMBIENTAL,13,,,,x,
2,97300,ASISTENTE DE INVEST. II,15,,,x,,
2,97500,OPERADOR AUXILIAR DE COMPOSICION,5,,,,x,
2,98000,JEFE TECN.DE PROMOCION INDUSTRIAL,21,,,x,,
2,98100,TRABAJADOR SOCIAL JEFE I,23,,x,,,
2,98101,TRABAJADOR SOCIAL JEFE II,25,,x,,,
2,99100,COORDINADOR DE PRODUCCION EDITORIAL,21,,,x,,
2,99111,DIRECTOR GRUPO INSTRUMENTAL,17,,,x,,
2,99112,DIRECTOR TALLERES AUDI.MUSICAL,18,,,x,,
2,99113,DIRECTOR DEL GRUPO VOCAL,17,,,x,,
2,99191,DIRECTOR GRUPO INSTRUMENTAL,19,,,x,,
2,99193,DIRECTOR DEL GRUPO VOCAL,19,,,x,,
2,99211,DIRECTOR DE CORAL I,17,,,x,,
2,99212,DIRECTOR DE CORAL II,19,,,x,,
2,99213,DIRECTOR DE CORAL III,22,,,x,,
2,99223,DIRECTOR GRUPO CRIOLLO,19,,,x,,
2,99224,DIRECTOR AGRUPACION DE MUSICA DE CAMARA,19,,,x,,
2,99225,DIRECTOR DE CANTO,19,,,x,,
2,99233,MAESTRA DE VOCALIZACION,20,,,x,,
2,99243,DIRECTOR DE LA CANTORIA,22,,,x,,
2,99301,DIRECTOR DE DANZA,11,,,,x,
2,99311,DIRECTOR CENTRO DE DANZAS,15,,,x,,
2,99391,DIRECTOR DE DANZA,19,,,x,,
2,99413,DIRECTOR DE TEATRO,19,,,x,,
2,99420,DIRECTOR DE ESTUDIANTINA,17,,,x,,
2,99430,ASISTENTE TECNICO A LA COORDINACION,20,,,x,,
2,99431,ASISTENTE DE COORDINACION I,17,,,x,,
2,99432,ASISTENTE DE COORDINACION II,19,,,x,,
2,99433,ASISTENTE DE COORDINACION III,21,,,x,,
2,99434,ASISTENTE DE COORDINACION IV,23,,,x,,
2,99444,OPERADOR DE DIAGRAMACION I,9,,,,x,
2,99452,ANALISTA ASUNTOS ADUANALES I,15,,,x,,
2,99453,ANALISTA DE ASUNTOS ADUANALES II,17,,,x,,
2,99454,ANALISTA  DE ASUNTOS ADUANALES III,19,,,x,,
2,99455,COORD. DE ASUNTOS ADUANALES I,22,,,x,,
2,99490,ASISTENTE DE PROMOTOR CULTURAL,13,,,,x,
2,99500,PROMOTOR CULTURAL I,17,,,x,,
2,99501,PROMOTOR CULTURAL II,19,,,x,,
2,99502,PROMOTOR CULTURAL III,21,,,x,,
2,99800,JEFE OFICINA DE PRENSA,24,x,,,,
2,99850,JEFE ENCARGADO DEL DPTO. DE MANTENIMIENT,25,x,,,,
2,99851,JEFE ENCARGADO DEL DPTO. DE PROYECTOS,25,x,,,,
2,99852,ASIST. ENCARGADO DECANATO EST. GENERALES,25,,,x,,
2,99900,ASIST. MEDIOS AUDIOVISUALES I,14,,,,x,
2,99901,ASISTENTE MEDIOS AUDIOVISUALES II,14,,,,x,
2,99902,ASISTENTE MEDIOS AUDIOVISUALES III,17,,,x,,
2,99910,ASIST. ESPECIALISTA ASUNTOS AUDIO-VISUAL,15,,,x,,
2,99911,ESPECIALISTA ASUNTO AUDIOVISUALES I,17,,,x,,
2,99912,ESPECIALISTA ASUNTO AUDIOVISUALES II,19,,,x,,
2,99913,ESPECIALISTA ASUNTOS AUDIOVISUALES III,21,,,x,,
2,99920,DIRECTOR DE ESTUDIANTINA,19,,,x,,
2,99970,OPERADOR DE EQUIPOS AUDIOVISUALES I,6,,,,x,
2,99971,OPERADOR DE EQUIPOS AUDIOVISUALES II,8,,,,x,
2,99972,OPERADOR DE EQUIPOS AUDIOVISUALES III,10,,,,x,
2,99973,OPERADOR DE EQUIPOS AUDIOVISUALES IV,12,,,,x,
2,99974,OPERADOR DE EQUIPOS MULTIMEDIA I,10,,,,x,
2,99975,OPERADOR DE EQUIPOS MULTIMEDIA II,12,,,,x,
2,99976,OPERADOR DE EQUIPOS MULTIMEDIA III,14,,,,x,
2,99977,OPERADOR DE EQUIPOS MULTIMEDIA IV,16,,,x,,
2,99979,ASIST. EDICION ASUNTOS AUDIOVISUALES,13,,,,x,
2,99980,EDITOR DE ASUNTOS AUDIOVISUALES I,15,,,x,,
2,99981,EDITOR DE ASUNTOS AUDIOVISUALES II,17,,,x,,
2,99982,EDITOR DE ASUNTOS AUDIOVISUALES III,19,,,x,,
2,99990,ASESOR,25,x,,,,
2,99998,JEFE DE LA SECCION DE GRUPOS ESTABLES,16,,,x,,
3,1031,AUXILIAR DE ZOOTECNIA,4,,,,,x
3,1051,SUPERVISOR DE FINCAS,7,,,,,x
3,2011,ALMACENISTA,3,,,,,x
3,2021,SUPERVISOR DE ALMACEN,7,,,,,x
3,3011,AYUDANTE DE MANTENIMIENTO,3,,,,,x
3,3041,PINTOR,4,,,,,x
3,3051,AUXILIAR DE MANTENIMIENTO,4,,,,,x
3,3071,LAQUEADOR,4,,,,,x
3,3091,ALBAÑIL,5,,,,,x
3,3101,PLOMERO,5,,,,,x
3,3111,CARPINTERO,5,,,,,x
3,3121,AUXILIAR DE MTTO. EQ. SONIDO-AUDIOV.Y E,5,,,,,x
3,3131,HERRERO SOLDADOR,6,,,,,x
3,3141,AUXILIAR DE TELEFONIA,6,,,,,x
3,3151,MECANICO DE REFRIGERACION,6,,,,,x
3,3161,ELECTRICISTA,6,,,,,x
3,3191,SUPERVISOR DE MANTENIMIENTO,7,,,,,x
3,4011,OPERADOR DE EQUIPO REPRODUCION,2,,,,,x
3,4021,OPERARIO GRAFICO,2,,,,,x
3,4031,AUXILIAR GRAFICO,3,,,,,x
3,4051,ENCUADERNADOR,3,,,,,x
3,4121,SUPERVISOR DE TALLER DE IMPRENTA,7,,,,,x
3,5031,AUXILIAR DE LABORATORIO,4,,,,,x
3,6011,AUXILIAR DE ENFERMERA,5,,,,,x
3,7011,AYUDANTE DE COCINA,2,,,,,x
3,7041,COCINERO,5,,,,,x
3,7051,SUPERVISOR DE COCINA,7,,,,,x
3,8011,PORTERO,1,,,,,x
3,8021,ASEADOR,1,,,,,x
3,8031,RECEPTOR Y GUIA DE BIBLIOTECA,1,,,,,x
3,8081,MENSAJERO INTERNO,2,,,,,x
3,8101,AYUDANTE DE SERVICIOS,2,,,,,x
3,8102,AUXILIAR DE SERVICIOS,4,,,,,x
3,8111,MENSAJERO EXTERNO,3,,,,,x
3,8131,RECEPTOR DE CORRESPONDENCIA,3,,,,,x
3,8151,JARDINERO,4,,,,,x
3,8171,SUPERVISOR DE SERVICIOS,7,,,,,x
3,9031,DESPACHADOR DE VEHICULO,3,,,,,x
3,9071,TRACTORISTA AGRICOLA,5,,,,,x
3,9081,CHOFER,5,,,,,x
3,9111,SUPERVISOR DE TRANSPORTE Y MECANICA AUTO,7,,,,,x
3,9999,AYUDANTE DE OFICINA,5,,,,,x
3,10011,VIGILANTE,4,,,,,x
3,10021,SUPERVISOR DE VIGILANCIA,7,,,,,x
3,10107,ALBAÑIL DE PRIMERA,7,,,,,x
3,10205,ALBAÑIL DE SEGUNDA,5,,,,,x
3,10302,ALBAÑIL DE TERCERA,2,,,,,x
3,10405,ALMACENERO,5,,,,,x
3,10501,AYUDANTE DE BIBLIOTECA,2,,,,,x
3,10601,AYUDANTE DE CAVA,2,,,,,x
3,10602,AYUDANTE DE CAMION O CAVA,2,,,,,x
3,10603,AYUDANTE DE CAMION O CARGA,2,,,,,x
3,10701,AYUDANTE DE DEPOSITARIO,2,,,,,x
3,10805,AYUDANTE DE DIAGRAMACION Y MONTAJE,5,,,,,x
3,10901,AYUDANTE DE LABORATORIO,2,,,,,x
3,10922,AYUDANTE LOGISTICA DE LABORATORIO II,4,,,,,x
3,11001,AYUDANTE DE LOGISTICA I,1,,,,,x
3,11002,AYUDANTE DE LOGISTICA,2,,,,,x
3,11003,AYUDANTE DE LOGISTICA DE 2DA.,2,,,,,x
3,11004,AYUDANTE DE LOGISTICA DE 1ERA.,4,,,,,x
3,11103,AYUDANTE DE MANTENIMIENTO EN GENERAL,3,,,,,x
3,11104,AYUDANTE DE MANTENIMIENTO,3,,,,,x
3,11105,AYUDANTE DE TELEFONOS,3,,,,,x
3,11106,AYUDANTE DE MANTENIMIENTO II,4,,,,,x
3,11107,AYUDANTE DE MANTENIMIENTO III,5,,,,,x
3,11112,AYUDANTE AGROPECUARIO II,4,,,,,x
3,11201,CAMARERA,2,,,,,x
3,11251,CAPATAZ DE VIGILANCIA,3,,,,,x
3,11302,CARPINTERO DE TERCERA,2,,,,,x
3,11405,CARPINTERO DE SEGUNDA,5,,,,,x
3,11507,CARPINTERO DE PRIMERA,7,,,,,x
3,11551,AYUD.CENTRO INF.Y COMP.,2,,,,,x
3,11604,CHOFER DE SEGUNDA,4,,,,,x
3,11705,CHOFER DE PRIMERA,5,,,,,x
3,11803,COMPRADOR,3,,,,,x
3,11851,COMPAGINADOR,3,,,,,x
3,11901,COCINERO DE SEGUNDA,2,,,,,x
3,12003,COCINERO DE PRIMERA,3,,,,,x
3,12101,AYUDANTE DE ENFERMERIA,4,,,,,x
3,12102,CUIDADOR DE ANIMALES,2,,,,,x
3,12202,DEPOSITARIO,2,,,,,x
3,12302,ELECTRICISTA DE TERCERA,2,,,,,x
3,12405,ELECTRICISTA DE SEGUNDA,5,,,,,x
3,12507,ELECTRICISTA DE PRIMERA,7,,,,,x
3,20103,ENCUADERNADOR I,3,,,,,x
3,20203,FOTOCOPIADOR,3,,,,,x
3,20303,GUARDA TANQUE,3,,,,,x
3,20402,HERRERO LATONERO DE SEGUNDA,2,,,,,x
3,20504,HERRERO LATONERO DE PRIMERA,4,,,,,x
3,20601,JARDINERO DE TERCERA,1,,,,,x
3,20702,JARDINERO DE SEGUNDA,2,,,,,x
3,20803,JARDINERO DE PRIMERA,3,,,,,x
3,20901,MENSAJERO,2,,,,,x
3,20902,MENSAJERO INTERNO,2,,,,,x
3,20903,MENSAJERO MOTORIZADO,3,,,,,x
3,21101,MONTADOR DE NEGATIVOS,5,,,,,x
3,21102,MONTADOR DE NEGATIVOS I,6,,,,,x
3,21203,OBRERO GENERAL,1,,,,,x
3,21220,OBRERO DE LOGISTICA,2,,,,,x
3,21304,OBRERO DE MANTENIMIENTO DE TELEFONOS,3,,,,,x
3,21401,OPERARIO DE MAQUINA MULTILITH,4,,,,,x
3,21402,OPERADOR DE MAQUINA MATRICERA,4,,,,,x
3,21503,PINTOR DE TERCERA,1,,,,,x
3,21602,PINTOR LAQUEADOR SEGUNDA,3,,,,,x
3,21604,PINTOR DE SEGUNDA,3,,,,,x
3,21701,PINTOR LAQUEADOR PRIMERA,7,,,,,x
3,21702,PINTOR DE PRIMERA,4,,,,,x
3,21804,PLOMERO DE TERCERA,2,,,,,x
3,21907,PLOMERO DE SEGUNDA,4,,,,,x
3,22003,PLOMERO DE PRIMERA,7,,,,,x
3,22104,PORTERO,3,,,,,x
3,22105,RECEPTOR DE BULTOS,2,,,,,x
3,22205,RECEPTOR DE CORRESPONDENCIA,4,,,,,x
3,22305,RECEPTOR DE OFICINA I,5,,,,,x
3,22405,RESPONSABLE DE MANTENIMIENTO DE EDIFICIO,5,,,,,x
3,22502,RETOCADOR PLANCHISTA,5,,,,,x
3,22605,SOLDADOR DE TERCERA,2,,,,,x
3,22707,SOLDADOR DE SEGUNDA,5,,,,,x
3,22807,SOLDADOR DE PRIMERA,7,,,,,x
3,22908,SUPERVISOR DE VIGILANCIA DE TERCERA,7,,,,,x
3,23009,SUPERVISOR DE VIGILANCIA DE SEGUNDA,8,,,,,x
3,23100,SUPERV.GENERAL DE SERV.,15,,x,,,
3,23101,SUPERV.PTA.FISICA DE 1R.,11,,,,,x
3,23102,SUPERVISOR DE SERVICIOS II,10,,,,,x
3,23203,VIGILANTE DE SEGUNDA,2,,,,,x
3,23204,VIGILANTE DE PRIMERA (CAPATAZ DE VIGIL.),3,,,,,x
3,30840,CHOFER I,5,,,,,x
3,30841,CHOFER II,6,,,,,x
3,30842,CHOFER III,7,,,,,x
3,30942,OBRERO MANTENIMIENTO DE TELEFONOS III,5,,,,,x
3,31813,PLOMERO III,7,,,,,x
3,41121,VIGILANTE MOTORIZADO,4,,,,,x
3,52801,RECEPTOR DE OFICINA II,7,,,,,x
3,88888,OBRERO XXX,3,,,,,x
4,9999,AYUDANTE DE OFICINA,5,,,,,x
4,36322,PSICOLOGO II,19,,,x,,
4,77121,DIETISTA I,17,,,x,,
